{
  "Do": {
    "play": [
      1.272173339521251, 
      -1.5720778830810547, 
      0
    ], 
    "ready": [
      1.445715816463117, 
      -1.5720778830810547, 
      0.12431314345383489
    ]
  }, 
  "La": {
    "play": [
      -1.272173339521251, 
      1.9148754183023224, 
      0
    ], 
    "ready": [
      -1.5247769014160157, 
      1.9148754183023224, 
      0
    ]
  }, 
  "Mi": {
    "play": [
      0, 
      0, 
      0
    ], 
    "ready": [
      0, 
      0, 
      0
    ]
  }, 
  "Re": {
    "play": [
      1.272173339521251, 
      -1.49068723863275, 
      0
    ], 
    "ready": [
      1.445715816463117, 
      -1.49068723863275, 
      0
    ]
  }, 
  "Sol": {
    "play": [
      -1.272173339521251, 
      1.831814426252539, 
      0
    ], 
    "ready": [
      -1.5247769014160157, 
      1.831814426252539, 
      0
    ]
  }
}