{
  "Do": {
    "play": [
      1.3397014668295069, 
      -1.6229516717285157, 
      0
    ], 
    "ready": [
      1.44418108629702, 
      -1.6229516717285157, 
      0.1304520641182218
    ]
  }, 
  "La": {
    "play": [
      -1.3397014668295069, 
      1.8639933864752583, 
      0
    ], 
    "ready": [
      -1.5247769014160157, 
      1.8639933864752583, 
      0
    ]
  }, 
  "Mi": {
    "play": [
      0, 
      0, 
      0
    ], 
    "ready": [
      0, 
      0, 
      0
    ]
  }, 
  "Re": {
    "play": [
      1.3397014668295069, 
      -1.5415610272802112, 
      0
    ], 
    "ready": [
      -1.5247769014160157, 
      -1.5415610272802112, 
      0
    ]
  }, 
  "Sol": {
    "play": [
      -1.3397014668295069, 
      1.780932394425475, 
      0
    ], 
    "ready": [
      -1.5247769014160157, 
      1.780932394425475, 
      0
    ]
  }
}